wavelength_nm,value
380,7.19772
390,8.66835
400,10.0241
410,10.6711
420,10.9908
430,11.318
440,11.713
450,12.13
460,12.5267
470,12.8175
480,13.015
490,13.1402
500,13.2771
510,13.4178
520,13.5352
530,13.54
540,13.4372
550,13.1751
560,12.6869
570,12.1096
580,11.3222
590,10.3386
600,9.22227
610,8.32678
620,7.86045
630,7.65831
640,7.57516
650,7.56342
660,7.72733
670,8.0386
680,8.40108
690,8.71172
700,8.92745
710,9.01649
720,9.01843
730,9.165
